<?xml version="1.0" encoding="UTF-8"?>
<canvas width="1438" height="1001" image="bg.jpg">
	<GaugePercent x="-2" y="9" width="200" height="200" minValue="0" maxValue="100" value="65" precision="0" scaleMajor="10" scaleMinor="5" startAngle="60" endAngle="60" arcColor="#22a3a9" scaleColor="#6422a3a9" scaleNumColor="#c822a3a9" textColor="#22a3a9" titleColor="#22a3a9" baseColor="#22a3a9" bgColor="#00000000" percent="true" title="销售额任务"/>
	<GaugeCar x="198" y="8" width="200" height="200" minValue="0" maxValue="100" value="65" precision="0" scaleMajor="10" scaleMinor="10" startAngle="45" endAngle="45" piePercentStart="0.7" piePercentMid="0.15" piePercentEnd="0.15" outerCircleColor="#505050" innerCircleColor="#3c3c3c" pieColorStart="#18bd9b" pieColorMid="#dada00" pieColorEnd="#ff6b6b" coverCircleColor="#646464" scaleColor="#ffffff" pointerColor="#ff6b6b" centerCircleColor="#fafafa" textColor="#000000" showOverlay="true" overlayColor="#1effffff" circleWidth="15" pieStyle="PieStyle_Three" pointerStyle="PointerStyle_Indicator"/>
	<GaugeCompass x="401" y="12" width="200" height="200" value="65" precision="0" animation="false" animationStep="0.5" crownColorStart="#7d2024" crownColorEnd="#e34d4d" bgColorStart="#516171" bgColorEnd="#1c2228" darkColor="#333c4b" lightColor="#6d86a2" foreground="#ffffff" textColor="#141414" northPointerColor="#ff6b6b" southPointerColor="#64b8ff" centerColorStart="#e6e6e6" centerColorEnd="#d2d2d2"/>
	<GaugeMini x="605" y="11" width="200" height="200" minValue="-100" maxValue="100" value="65" precision="1" step="20" startAngle="45" endAngle="45" borderColor="#000000" bgColor="#323232" textColor="#000000" percentColor="#64b8ff" doublePercent="true" showValue="false" pointerStyle="PointerStyle_Line"/>
	<GaugePlane x="809" y="10" width="200" height="200" borderOutColorStart="#b4b4b4" borderOutColorEnd="#323232" borderInColorStart="#323232" borderInColorEnd="#dcdcdc" bgColor="#96297fb8" planeColor="#966c3e" glassColor="#64fafafa" scaleColor="#ffffff" lineColor="#ffffff" textColor="#ffffff" pointerColor="#ff6b6b" handleColor="#fed700" degValue="0" rollValue="0"/>
	<GaugeProgress x="406" y="640" width="200" height="200" minValue="0" maxValue="100" value="65" precision="0" startAngle="0" endAngle="0" bgColor="#1e1e1e" progressColor="#55ffff" progressBgColor="#323232" circleColorStart="#505050" circleColorEnd="#323232" textColor="#c8c8c8" showPointer="true" showValue="false" pointerStyle="PointerStyle_Circle"/>
	<GaugeRange x="405" y="223" width="200" height="200" minValue="0" maxValue="100" value="50" leftValue="40" rightValue="80" scaleMajor="100" startAngle="30" endAngle="30" unit="" usedColor="#18bd9b" freeColor="#464646" textColor="#505050" rangeTextColor="#5a5a5a" rangeStyle="RangeStyle_Line"/>
	<GaugeSimple x="610" y="223" width="200" height="200" minValue="0" maxValue="100" value="88" scaleMajor="10" scaleMinor="10" startAngle="45" endAngle="45" animation="false" animationStep="3" showUserValue="false" userValue="80" userValueColor="#ff6b6b" usedColor="#64b8ff" freeColor="#646464" scaleColor="#0a0a0a" pointerColor="#ff6b6b" textColor="#fafafa" titleColor="#323232" title="" showOverlay="true" overlayColor="#1effffff" pointerStyle="PointerStyle_Indicator"/>
	<GaugeSpeed x="813" y="221" width="200" height="200" minValue="0" maxValue="100" value="88" animationValue="88" precision="2" digitCount="5" scaleMajor="8" scaleMinor="1" startAngle="50" endAngle="50" animation="false" animationDuration="800" animationType="" ringWidth="10" ringPercentStart="25" ringPercentMid="50" ringPercentEnd="25" ringColorStart="#02f2b1" ringColorMid="#2dc4f8" ringColorEnd="#fe448a" pointerColor="#b2ddfd" bgColor="#00000000" textColor="#323232" unit="M" text="Mbps"/>
	<GaugeColor x="0" y="437" width="200" height="200" minValue="0" maxValue="100" value="65" precision="0" scaleMajor="10" scaleMinor="5" startAngle="45" endAngle="45" animation="true" animationStep="0.5" borderColor1="#787878" borderColor2="#1e1e1e" percentColor1="#1ee7fd" percentColor2="#32ff00" percentColor3="#ff5000" bgColor="#141414" scaleColor="#fafafa" scaleNumColor="#fafafa" pointerColor="#ff6b6b" textColor="#ffffff" pointerStyle="PointerStyle_Indicator"/>
	<GaugeCloud x="203" y="438" width="200" height="200" margin="0" gradient="false" borderColor1="#191f25" borderColor2="#292d36" borderColor3="#1e1e1e" borderColor4="#878b90" bgColor="#44494f" textColor="#c8c8c8" enterColor="#e6e6e6" pressColor="#30beff" centerBorderWidth="3" centerBorderColor="#282b33" centerBgColor="#5c5f64" centerHoverColor="#44494f" iconText="f0d7" centerText="f021" cloudStyle="CloudStyle_Black" autoRepeat="true" autoRepeatDelay="500" autoRepeatInterval="200"/>
	<GaugeCloud x="405" y="438" width="200" height="200" margin="5" gradient="true" borderColor1="#22a3a9" borderColor2="#f0c988" borderColor3="#d34d25" borderColor4="#22a3a9" bgColor="#f9f9f9" textColor="#969696" enterColor="#0e99a0" pressColor="#323232" centerBorderWidth="3" centerBorderColor="#d0d0d0" centerBgColor="#f5f5f5" centerHoverColor="#ffffff" iconText="f0d7" centerText="f021" cloudStyle="CloudStyle_White" autoRepeat="true" autoRepeatDelay="500" autoRepeatInterval="200"/>
	<GaugeCloud x="609" y="438" width="200" height="200" margin="0" gradient="true" borderColor1="#4fa3db" borderColor2="#e3b76a" borderColor3="#d9b26d" borderColor4="#4fa3db" bgColor="#1f4262" textColor="#4ba5dd" enterColor="#32b9cf" pressColor="#43c1fb" centerBorderWidth="3" centerBorderColor="#173651" centerBgColor="#224973" centerHoverColor="#235285" iconText="f0d7" centerText="f021" cloudStyle="CloudStyle_Blue" autoRepeat="true" autoRepeatDelay="500" autoRepeatInterval="200"/>
	<GaugeCloud x="812" y="440" width="200" height="200" margin="0" gradient="true" borderColor1="#57579b" borderColor2="#815282" borderColor3="#3659a6" borderColor4="#57579b" bgColor="#37375c" textColor="#9290c6" enterColor="#9a60b4" pressColor="#df97ff" centerBorderWidth="3" centerBorderColor="#313052" centerBgColor="#3e3b67" centerHoverColor="#555189" iconText="f0d7" centerText="f021" cloudStyle="CloudStyle_Purple" autoRepeat="true" autoRepeatDelay="500" autoRepeatInterval="200"/>
	<ProgressPercent x="-2" y="642" width="200" height="200" minValue="0" maxValue="100" value="65" nullPosition="0" borderWidth="10" waterHeight="0.08" waterDensity="2" showPercent="true" showFree="false" showSmallCircle="false" clockWise="true" borderOut="false" usedColor="#ffaa00" freeColor="#646464" circleColor="#464646" textColor="#fafafa" percentStyle="PercentStyle_Arc"/>
	<ProgressPercent x="203" y="642" width="200" height="200" minValue="0" maxValue="100" value="65" nullPosition="0" borderWidth="10" waterHeight="0.08" waterDensity="2" showPercent="true" showFree="false" showSmallCircle="false" clockWise="true" borderOut="false" usedColor="#aa00ff" freeColor="#646464" circleColor="#464646" textColor="#fafafa" percentStyle="PercentStyle_Polo"/>
	<ProgressWater x="612" y="640" width="200" height="200" minValue="0" maxValue="100" value="65" borderWidth="0" borderPadding="0" waterHeight="0.02" waterDensity="2" showValue="true" showPercent="true" reverse="false" borderColor="#323232" bgColor="#646464" usedColor="#ff5eff" textColor="#fafafa" percentStyle="PercentStyle_Cylinder"/>
	<LightButton x="818" y="645" width="192" height="195" text="" textColor="#ffffff" alarmColor="#ff6b6b" normalColor="#0a0a0a" borderOutColorStart="#ffffff" borderOutColorEnd="#a6a6a6" borderInColorStart="#a6a6a6" borderInColorEnd="#ffffff" bgColor="#00aa7f" canMove="false" showRect="false" showOverlay="true" overlayColor="#1effffff"/>
	<GaugePanel x="0" y="222" width="200" height="200" minValue="0" maxValue="100" value="65" precision="0" scalePrecision="0" scaleMajor="10" scaleMinor="5" startAngle="45" endAngle="45" animation="false" animationStep="0.5" ringWidth="10" ringColor="#36c0fe" scaleColor="#22a3a9" pointerColor="#22a3a9" bgColor="#00000000" textColor="#323232" unit="V" text="电压"/>
	<GaugeCompassPan x="201" y="223" width="200" height="200" value="65" precision="0" bgColor="#282d30" textColor="#bbbfc2" borderColor="#22a3a9" borderWidth="5" northDotColor="#d64d54" otherDotColor="#252831" pointerColor="#d64d54"/>
</canvas>